<?xml version="1.0" encoding="UTF-8" standalone="yes"?>
<addon id="script.opensubtitles.OSD"
       name="Open Subtitles OSD"
       version="1.52"
       provider-name="Amet">
  <requires>
    <import addon="xbmc.python" version="1.0"/>
  </requires>
  <extension point="xbmc.python.script"
             library="default.py" />
 <provides>executable</provides>
  <extension point="xbmc.addon.metadata">
    <platform>all</platform>
    <summary>Search and Download subtitles via OSD</summary>
	<genre>subtitles,movies</genre>
    <license>GPL</license>
  </extension>
</addon>
