<?xml version="1.0" encoding="UTF-8" standalone="yes"?>
<addon id="plugin.video.navi-x"
	name="Navi-X Plugin" version="3.1" provider-name="rodejo, updated by whufclee">
  <requires>
    <import addon="xbmc.python" version="2.1.0"/>
  </requires>
  <extension point="xbmc.python.pluginsource" library="default.py">
    <provides>video</provides>
  </extension>
  <extension point="xbmc.addon.metadata">
    <summary lang="en">Navi-X Playlist browser</summary>
    <description lang="en">Please note this is the old plugin version and not the script version. Some things like rss links may not work but it's still a useful program as you can easily add items to global xbmc favourites.</description>
    <platform>all</platform>
  </extension>
</addon>
