<?xml version="1.0" encoding="UTF-8" standalone="yes"?>
<addon id="plugin.image.flickr.original"
       name="Flickr (Old Original)"
       version="1.5.4"
       provider-name="nuka">
  <requires>
    <import addon="xbmc.python" version="1.0"/>
   </requires>

  <extension point="xbmc.python.pluginsource"
            library="default.py">
        <provides>image</provides>
  </extension>
  <extension point="xbmc.addon.metadata">
    <summary lang="en">flickrXBMC: flickr on XBMC</summary>
	<summary lang="de">flickrXBMC: flickr in XBMC</summary>
	<summary lang="es">flickrXBMC: flickr en XBMC</summary>
	<summary lang="nl">flickrXBMC: Flickr op XBMC</summary>
    <description>View photos from the Flickr website.</description>
	<platform>all</platform>
	<license>GPL</license>
	<genre>photos</genre>
  </extension>
</addon>