<?xml version="1.0" encoding="UTF-8"?>
<addon
  id="plugin.video.xbmcearth"
  version="0.50"
  name="XBMC Earth"
  provider-name="MrLight">
  <requires>
   <import addon="xbmc.python" version="2.0"/>
  </requires>
  <extension 
    point="xbmc.python.pluginsource"
    library="default.py">
   <provides>video</provides>
  </extension>
  <extension point="xbmc.addon.metadata">
    <summary>XBMC Earth</summary>
    <description></description>
    <platform>all</platform>
  </extension>
  <statfeed>
    <working>yes</working>
	<notes>none</notes>
	<maintainer>MrLight</maintainer>
    </statfeed>
</addon>
