    <!-- (required) guuid: unique identifier of this addon
    guuids can be generated online at sites such as http://www.famkruithof.net/uuid/uuidgen -->
    <guid>6adc5f80-8de5-11e1-b0c4-0800200c9a66</guid>

    <!-- (required) type:
    1:  visualization
    2:  skin
    3:  pvrdll
    4:  script
    5:  scraper
    6:  screensaver
    7:  plugin-pvr
    8:  plugin-video
    9:  plugin-music
    10: plugin-program
    11: plugin-pictures
    12: plugin-weather -->
    <type>8</type>

    <!-- (required) Title -->
    <title>rtmpGUInoEPG</title>

    <!-- (required) Major.minor.build -->
    <version>1.1.2</version>

    <!-- (required) author name & email.  at least one author name is required -->
    <authors>
        <author name="BlueCop" email="" />
		<author name="HansMayer" email="" />
		<author name="Skatulskijean" email="" />
    </authors>

    <summary>rtmpGUI+</summary>
    <description>Live TV stations from around the globe</description>

	<!-- user defined tags e.g. <tags><tag>Example</tag></tags> -->
    <tags>
        <tag>TV</tag>
    </tags>

    <!-- minimum revision of xbmc your addon will run on.  Leave blank all revisions-->
    <minrevision></minrevision>

    <!--patforms compatible with your addon.   xbox, osx, windows, linux, or all -->
    <platforms>
        <platform>all</platform>
    </platforms>

    <!-- (optional) Whatever is put in disclaimer will be shown before download in an ok/cancel dialog.
    Keep it short and to the point. -->
    <disclaimer></disclaimer>

    <!-- (optional) The License the addon is released under.-->
    <license>GPL</license>
</addoninfo>