﻿<window>
	<animation effect="fade" time="1000">WindowOpen</animation>
	<animation effect="fade" time="1000">WindowClose</animation>
	<coordinates>
		<system>1</system>
		<posx>2</posx>
		<posy>2</posy>
	</coordinates>
	<controls>
		<!-- ** Optional ** -->
		<control type="image" id="19">
			<description>Background Image</description>
			<posx>1</posx>
			<posy>1</posy>
			<width>300</width>
			<height>320</height>
			<texture>amt-dialog-panel.png</texture>
		</control>
		<control type="image" id="20">
			<description>Image</description>
			<posx>7</posx>
			<posy>9</posy>
			<width>300</width>
			<height>320</height>
		</control>

		            <!-- ** Required ** Do not change id or type-->
		<control type="label" id="206">
			<description>Title</description>
			<posx>20</posx>
			<posy>15</posy>
			<width>300</width>
			<height>32</height>
			<align>left</align>
			<aligny>center</aligny>
			<info>ListItem.Title</info>
			<font>font10</font>
			<textcolor>FFFFFFFF</textcolor>
			<scroll>true</scroll>
			<disabledcolor>FFe2ff43</disabledcolor>
			<!--<visible>Control.IsVisible(50) | Control.IsVisible(52) | Control.IsVisible(54)</visible>
			<animation effect="slide" time="0" end="45,130" condition="Control.IsVisible(54)">Conditional</animation>
			<animation effect="slide" time="0" end="50,30" condition="Control.IsVisible(52)">Conditional</animation>-->
		</control>
		<control type="label" id="207">
			<description>Info</description>
			<posx>20</posx>
			<posy>15</posy>
			<width>300</width>
			<height>60</height>
			<align>left</align>
			<aligny>center</aligny>
			<info>ListItem.Genre</info>
			<font>font10</font>
			<textcolor>FFFFFFFF</textcolor>
			<scroll>true</scroll>
			<disabledcolor>FFe2ff43</disabledcolor>
			<!--<visible>Control.IsVisible(50) | Control.IsVisible(52) | Control.IsVisible(54)</visible>
			<animation effect="slide" time="0" end="45,130" condition="Control.IsVisible(54)">Conditional</animation>
			<animation effect="slide" time="0" end="50,30" condition="Control.IsVisible(52)">Conditional</animation>-->
		</control>
	</controls>
</window>