<window>
	<defaultcontrol>100</defaultcontrol>
	<allowoverlays>false</allowoverlays>
	<animation effect="fade" time="200">WindowOpen</animation>
	<animation effect="fade" time="200">WindowClose</animation>
    <controls>
		<control type="group" id="500">
			<posx>50</posx>
			<posy>100</posy>	
			<animation effect="rotate" end="360" center="50,120" time="5000">WindowOpen</animation>
			
		</control>
		<control type="label" id="2000">
			<description>heading label</description>
			<posx>-10</posx>
			<posy>-10</posy>
			<width>10</width>
			<align>left</align>
			<font>special13</font>
			<textcolor>DDced8da</textcolor>
			<label></label>
		</control>
		<control type="label" id="2001">
			<description>heading label</description>
			<posx>-10</posx>
			<posy>-10</posy>
			<width>10</width>
			<align>left</align>
			<font>special13</font>
			<visible>Control.IsVisible(2000)</visible>
			<textcolor>DDced8da</textcolor>
			<label></label>
		</control>
		<control type="label" id="2002">
			<description>heading label</description>
			<posx>-10</posx>
			<posy>-10</posy>
			<width>10</width>
			<align>left</align>
			<font>special13</font>
			<textcolor>DDced8da</textcolor>
			<label></label>
		</control>
		<control type="label" id="2003">
			<description>heading label</description>
			<posx>-10</posx>
			<posy>-10</posy>
			<width>10</width>
			<align>left</align>
			<font>special13</font>
			<textcolor>DDced8da</textcolor>
			<label></label>
		</control>
		<control type="label" id="2004">
			<description>heading label</description>
			<posx>-10</posx>
			<posy>-10</posy>
			<width>10</width>
			<align>left</align>
			<font>special13</font>
			<textcolor>DDced8da</textcolor>
			<label></label>
		</control>
		<control type="image">
			<description>background image</description>
			<posx>0</posx>
			<posy>0</posy>
			<width>720</width>
			<height>88</height>
			<visible>Control.IsVisible(2000)</visible>
			<texture>amt-background.png</texture>
			<animation effect="slide" time="500" start="0,-88" end="0,0" acceleration="-1.1">Visible</animation>
			<animation effect="slide" time="500" start="0,0" end="0,-88" acceleration="1.1">Hidden</animation>  
		</control>
		<control type="group" id="9050">
			<posx>129</posx>
			<posy>68</posy>
			<visible>Control.IsVisible(2000)</visible>
			<animation effect="slide" time="500" start="0,-68" end="0,0" acceleration="-1.1">Visible</animation>
			<animation effect="slide" time="500" start="0,0" end="0,-68" acceleration="1.1">Hidden</animation>
			<control type="radiobutton" id="120">
				<description>Google</description>
				<posx>-120</posx>
				<posy>0</posy>
				<width>60</width>
				<height>20</height>
				<radioposx>-120</radioposx>
				<radioposy>0</radioposy>
				<radiowidth>60</radiowidth>
				<radioheight>20</radioheight>
				<texturefocus>amt-button-focus.png</texturefocus>
				<texturenofocus>amt-button-nofocus.png</texturenofocus>
				<textureradiofocus>amt-radiobutton-focus.png</textureradiofocus>
				<textureradionofocus>amt-radiobutton-nofocus.png</textureradionofocus>
				<font>font10</font>
				<textcolor>FFFFFFFF</textcolor>
				<disabledcolor>60ffffff</disabledcolor>
				<aligny>center</aligny>
				<onleft>113</onleft>
				<onright>121</onright>
				<onup>2</onup>
				<ondown>116</ondown>
			</control>
			<control type="radiobutton" id="121">
				<description>VirtualEarth</description>
				<posx>-60</posx>
				<posy>0</posy>
				<width>60</width>
				<height>20</height>
				<radioposx>-60</radioposx>
				<radioposy>0</radioposy>
				<radiowidth>60</radiowidth>
				<radioheight>20</radioheight>
				<texturefocus>amt-button-focus.png</texturefocus>
				<texturenofocus>amt-button-nofocus.png</texturenofocus>
				<textureradiofocus>amt-radiobutton-focus.png</textureradiofocus>
				<textureradionofocus>amt-radiobutton-nofocus.png</textureradionofocus>
				<font>font10</font>
				<textcolor>FFFFFFFF</textcolor>
				<disabledcolor>60ffffff</disabledcolor>
				<aligny>center</aligny>
				<onleft>120</onleft>
				<onright>110</onright>
				<onup>2</onup>
				<ondown>118</ondown>
			</control>
			<control type="radiobutton" id="110">
				<description>Satellite Viev</description>
				<posx>1</posx>
				<posy>0</posy>
				<width>50</width>
				<height>20</height>
				<radioposx>1</radioposx>
				<radioposy>0</radioposy>
				<radiowidth>50</radiowidth>
				<radioheight>20</radioheight>
				<texturefocus>amt-button-focus.png</texturefocus>
				<texturenofocus>amt-button-nofocus.png</texturenofocus>
				<textureradiofocus>amt-radiobutton-focus.png</textureradiofocus>
				<textureradionofocus>amt-radiobutton-nofocus.png</textureradionofocus>
				<font>font10</font>
				<textcolor>FFFFFFFF</textcolor>
				<disabledcolor>60ffffff</disabledcolor>
				<aligny>center</aligny>
				<onleft>121</onleft>
				<onright>111</onright>
				<onup>2</onup>
				<ondown>100</ondown>
			</control>
			<control type="radiobutton" id="111">
				<description>Hybrid Viev</description>
				<posx>51</posx>
				<posy>0</posy>
				<width>50</width>
				<height>20</height>
				<radioposx>51</radioposx>
				<radioposy>0</radioposy>
				<radiowidth>50</radiowidth>
				<radioheight>20</radioheight>
				<texturefocus>amt-button-focus.png</texturefocus>
				<texturenofocus>amt-button-nofocus.png</texturenofocus>
				<textureradiofocus>amt-radiobutton-focus.png</textureradiofocus>
				<textureradionofocus>amt-radiobutton-nofocus.png</textureradionofocus>
				<font>font10</font>
				<textcolor>FFFFFFFF</textcolor>
				<disabledcolor>60ffffff</disabledcolor>
				<aligny>center</aligny>
				<onleft>110</onleft>
				<onright>112</onright>
				<onup>2</onup>
				<ondown>100</ondown>
			</control>
			<control type="radiobutton" id="112">
				<description>Map Viev</description>
				<posx>101</posx>
				<posy>0</posy>
				<width>50</width>
				<height>20</height>
				<radioposx>101</radioposx>
				<radioposy>0</radioposy>
				<radiowidth>50</radiowidth>
				<radioheight>20</radioheight>
				<texturefocus>amt-button-focus.png</texturefocus>
				<texturenofocus>amt-button-nofocus.png</texturenofocus>
				<textureradiofocus>amt-radiobutton-focus.png</textureradiofocus>
				<textureradionofocus>amt-radiobutton-nofocus.png</textureradionofocus>
				<font>font10</font>
				<textcolor>FFFFFFFF</textcolor>
				<disabledcolor>60ffffff</disabledcolor>
				<aligny>center</aligny>
				<onleft>111</onleft>
				<onright>113</onright>
				<onup>2</onup>
				<ondown>100</ondown>
			</control>
			<control type="radiobutton" id="113">
				<description>Area Viev</description>
				<posx>151</posx>
				<posy>0</posy>
				<width>50</width>
				<height>20</height>
				<radioposx>151</radioposx>
				<radioposy>0</radioposy>
				<radiowidth>50</radiowidth>
				<radioheight>20</radioheight>
				<texturefocus>amt-button-focus.png</texturefocus>
				<texturenofocus>amt-button-nofocus.png</texturenofocus>
				<textureradiofocus>amt-radiobutton-focus.png</textureradiofocus>
				<textureradionofocus>amt-radiobutton-nofocus.png</textureradionofocus>
				<font>font10</font>
				<textcolor>FFFFFFFF</textcolor>
				<disabledcolor>60ffffff</disabledcolor>
				<aligny>center</aligny>
				<onleft>112</onleft>
				<onright>110</onright>
				<onup>2</onup>
				<ondown>100</ondown>
			</control>
		</control>
		
		<control type="label" id="200">
			<description>heading label</description>
			<posx>-100</posx>
			<posy>-2</posy>
			<width>420</width>
			<align>left</align>
			<font>special13</font>
			<textcolor>DDced8da</textcolor>
			<label>test</label>
			
		</control>
		<!-- ** Required ** Do not change id or type-->
        <!--<control type="label" id="20">
			<description>Title Label</description>
			<width>200</width>
			<posx>207</posx>
			<posy>43</posy>
			<align>left</align>
			<font>special13</font>
			<textcolor>FFFFFFFF</textcolor>
		</control>
		<!-- Button Group -->
        <!-- ** Required ** Do not change id or type-->
		<control type="image">
			<description>background image</description>
			<posx>48</posx>
			<posy>502</posy>
			<width>320</width>
			<height>75</height>
			<visible>Control.IsVisible(50) + Control.IsVisible(2001)</visible>
			<texture>amt-dialog-panel.png</texture>
			<animation effect="slide" time="500" start="0,88" end="0,0" acceleration="-1.1">Visible</animation>
			<animation effect="slide" time="500" start="0,0" end="0,88" acceleration="1.1">Hidden</animation>  
		</control>

		 <control type="group" id="9000">
			<posx>0</posx>
			<posy>0</posy>
			<visible>Control.IsVisible(2000)</visible>
			<animation effect="slide" time="500" start="-300,0" end="0,0" acceleration="-1.1">Visible</animation>
			<animation effect="slide" time="500" start="0,0" end="-300,0" acceleration="1.1">Hidden</animation>            
			<animation effect="slide" time="300" start="-300,0" end="0,0" acceleration="-1.1">WindowOpen</animation>
			<animation effect="slide" time="200" start="0,0" end="-300,0" acceleration="1.1">WindowClose</animation>
			<control type="group" id="9001">
				<posx>50</posx>
				<posy>100</posy>	
				<!--<animation effect="rotate" end="360" center="50,120" time="5000">WindowOpen</animation>-->
				<control type="button" id="114">
					<description>NavLeft</description>
					<posx>-30</posx>
					<posy>10</posy>
					<width>20</width>
					<height>20</height>
					<texturefocus>ear-nav-left-focus.png</texturefocus>
					<texturenofocus>ear-nav-left-nofocus.png</texturenofocus>
					<font>font10</font>
					<textcolor>FFFFFFFF</textcolor>
					<disabledcolor>60ffffff</disabledcolor>
					<textoffsetx>17</textoffsetx>
					<aligny>center</aligny>
					<onleft>2</onleft>
					<onright>115</onright>
					<onup>116</onup>
					<ondown>117</ondown>
				</control>
				<control type="button" id="115">
					<description>NavRight</description>
					<posx>10</posx>
					<posy>10</posy>
					<width>20</width>
					<height>20</height>
					<texturefocus>ear-nav-right-focus.png</texturefocus>
					<texturenofocus>ear-nav-right-nofocus.png</texturenofocus>
					<font>font10</font>
					<textcolor>FFFFFFFF</textcolor>
					<disabledcolor>60ffffff</disabledcolor>
					<textoffsetx>17</textoffsetx>
					<aligny>center</aligny>
					<onleft>114</onleft>
					<onright>118</onright>
					<onup>116</onup>
					<ondown>117</ondown>
				</control>
				<control type="button" id="116">
					<description>NavUp</description>
					<posx>-10</posx>
					<posy>-10</posy>
					<width>20</width>
					<height>20</height>
					<texturefocus>ear-nav-up-focus.png</texturefocus>
					<texturenofocus>ear-nav-up-nofocus.png</texturenofocus>
					<font>font10</font>
					<textcolor>FFFFFFFF</textcolor>
					<disabledcolor>60ffffff</disabledcolor>
					<textoffsetx>17</textoffsetx>
					<aligny>center</aligny>
					<onleft>114</onleft>
					<onright>115</onright>
					<onup>120</onup>
					<ondown>117</ondown>
				</control>
				<control type="button" id="117">
					<description>NavDown</description>
					<posx>-10</posx>
					<posy>30</posy>
					<width>20</width>
					<height>20</height>
					<texturefocus>ear-nav-down-focus.png</texturefocus>
					<texturenofocus>ear-nav-down-nofocus.png</texturenofocus>
					<font>font10</font>
					<textcolor>FFFFFFFF</textcolor>
					<disabledcolor>60ffffff</disabledcolor>
					<textoffsetx>17</textoffsetx>
					<aligny>center</aligny>
					<onleft>114</onleft>
					<onright>115</onright>
					<onup>116</onup>
					<ondown>100</ondown>
				</control>
			</control>
			<control type="button" id="118">
				<description>Zoom IN</description>
				<posx>100</posx>
				<posy>90</posy>
				<width>20</width>
				<height>20</height>
				<texturefocus>ear-nav-plus-focus.png</texturefocus>
				<texturenofocus>ear-nav-plus-nofocus.png</texturenofocus>
				<font>font10</font>
				<textcolor>FFFFFFFF</textcolor>
				<disabledcolor>60ffffff</disabledcolor>
				<textoffsetx>17</textoffsetx>
				<aligny>center</aligny>
				<onleft>116</onleft>
				<onright>110</onright>
				<onup>121</onup>
				<ondown>119</ondown>
			</control>
			<control type="button" id="119">
				<description>Zoom Out</description>
				<posx>100</posx>
				<posy>130</posy>
				<width>20</width>
				<height>20</height>
				<texturefocus>ear-nav-minus-focus.png</texturefocus>
				<texturenofocus>ear-nav-minus-nofocus.png</texturenofocus>
				<font>font10</font>
				<textcolor>FFFFFFFF</textcolor>
				<disabledcolor>60ffffff</disabledcolor>
				<textoffsetx>17</textoffsetx>
				<aligny>center</aligny>
				<onleft>117</onleft>
				<onright>110</onright>
				<onup>118</onup>
				<ondown>100</ondown>
			</control>
			<!--<control type="button" id="2">
				<description>View As Icons button</description>
				<posx>0</posx>
				<posy>120</posy>
				<width>160</width>
				<height>33</height>
				<label>100</label>
				<texturefocus>amt-button-focus.png</texturefocus>
				<texturenofocus>amt-button-nofocus.png</texturenofocus>
				<font>font13</font>
				<textcolor>FFFFFFFF</textcolor>
				<disabledcolor>60ffffff</disabledcolor>
				<textoffsetx>17</textoffsetx>
				<aligny>center</aligny>
				<onleft>2070</onleft>
				<onright>50</onright>
				<onup>109</onup>
				<ondown>100</ondown>
				<enable>Control.IsVisible(3000)</enable>
			</control>
            <!-- ** Required ** Do not change id or type-->
			<control type="button" id="100">
				<description>move_Map</description>
				<posx>0</posx>
				<posy>157</posy>
				<width>160</width>
				<height>33</height>
				<texturefocus>amt-button-focus.png</texturefocus>
				<texturenofocus>amt-button-nofocus.png</texturenofocus>
				<font>font13</font>
				<textcolor>FFFFFFFF</textcolor>
				<disabledcolor>60ffffff</disabledcolor>
				<textoffsetx>17</textoffsetx>
				<aligny>center</aligny>
				<onleft>2070</onleft>
				<onright>50</onright>
				<onup>117</onup>
				<ondown>101</ondown>
			</control>
            <!-- ** Required ** Do not change id or type-->
			<control type="button" id="101">
				<description>searchMap</description>
				<posx>0</posx>
				<posy>194</posy>
				<width>160</width>
				<height>33</height>
				<texturefocus>amt-button-focus.png</texturefocus>
				<texturenofocus>amt-button-nofocus.png</texturenofocus>
				<font>font13</font>
				<textcolor>FFFFFFFF</textcolor>
				<disabledcolor>60ffffff</disabledcolor>
				<textoffsetx>17</textoffsetx>
				<aligny>center</aligny>
				<onleft>2070</onleft>
				<onright>50</onright>
				<onup>100</onup>
				<ondown>102</ondown>
			</control>
            <!-- ** Required ** Do not change id or type-->
			<control type="button" id="102">
				<description>Panoramio</description>
				<posx>0</posx>
				<posy>231</posy>
				<width>160</width>
				<height>33</height>
				<texturefocus>amt-button-focus.png</texturefocus>
				<texturenofocus>amt-button-nofocus.png</texturenofocus>
				<font>font13</font>
				<textcolor>FFFFFFFF</textcolor>
				<disabledcolor>60ffffff</disabledcolor>
				<textoffsetx>17</textoffsetx>
				<aligny>center</aligny>
				<onleft>2070</onleft>
				<onright>50</onright>
				<onup>101</onup>
				<ondown>103</ondown>
			</control>
            <!-- ** Required ** Do not change id or type-->
			<control type="button" id="103">
				<description>Flickr</description>
				<posx>0</posx>
				<posy>268</posy>
				<width>160</width>
				<height>33</height>
				<texturefocus>amt-button-focus.png</texturefocus>
				<texturenofocus>amt-button-nofocus.png</texturenofocus>
				<font>font13</font>
				<textcolor>FFFFFFFF</textcolor>
				<disabledcolor>60ffffff</disabledcolor>
				<textoffsetx>17</textoffsetx>
				<aligny>center</aligny>
				<onleft>2070</onleft>
				<onright>50</onright>
				<onup>102</onup>
				<ondown>104</ondown>
			</control>
            <!-- ** Required ** Do not change id or type-->
			<control type="button" id="104">
				<description>locr</description>
				<posx>0</posx>
				<posy>305</posy>
				<width>160</width>
				<height>33</height>
				<texturefocus>amt-button-focus.png</texturefocus>
				<texturenofocus>amt-button-nofocus.png</texturenofocus>
				<font>font13</font>
				<textcolor>FFFFFFFF</textcolor>
				<disabledcolor>60ffffff</disabledcolor>
				<textoffsetx>17</textoffsetx>
				<aligny>center</aligny>
				<onleft>2070</onleft>
				<onright>50</onright>
				<onup>103</onup>
				<ondown>105</ondown>
			</control>
            <!-- ** Required ** Do not change id or type-->
			<control type="button" id="105">
				<description>Youtube</description>
				<posx>0</posx>
				<posy>342</posy>
				<width>160</width>
				<height>33</height>
				<texturefocus>amt-button-focus.png</texturefocus>
				<texturenofocus>amt-button-nofocus.png</texturenofocus>
				<font>font13</font>
				<textcolor>FFFFFFFF</textcolor>
				<disabledcolor>60ffffff</disabledcolor>
				<textoffsetx>17</textoffsetx>
				<aligny>center</aligny>
				<onleft>2070</onleft>
				<onright>50</onright>
				<onup>104</onup>
				<ondown>106</ondown>
			</control>
            <!-- ** Required ** Do not change id or type-->
			<control type="button" id="106">
				<description>Route</description>
				<posx>0</posx>
				<posy>379</posy>
				<width>160</width>
				<height>33</height>
				<texturefocus>amt-button-focus.png</texturefocus>
				<texturenofocus>amt-button-nofocus.png</texturenofocus>
				<font>font13</font>
				<textcolor>FFFFFFFF</textcolor>
				<disabledcolor>60ffffff</disabledcolor>
				<textoffsetx>17</textoffsetx>
				<aligny>center</aligny>
				<onleft>2070</onleft>
				<onright>50</onright>
				<onup>105</onup>
				<ondown>107</ondown>
			</control>
			<!-- ** Required ** Do not change id or type-->
			<control type="button" id="107">
				<description>Wevcams Button</description>
				<posx>0</posx>
				<posy>416</posy>
				<width>160</width>
				<height>33</height>
				<texturefocus>amt-button-focus.png</texturefocus>
				<texturenofocus>amt-button-nofocus.png</texturenofocus>
				<font>font13</font>
				<textcolor>FFFFFFFF</textcolor>
				<disabledcolor>60ffffff</disabledcolor>
				<textoffsetx>17</textoffsetx>
				<aligny>center</aligny>
				<onleft>2070</onleft>
				<onright>50</onright>
				<onup>106</onup>
				<ondown>109</ondown>
			</control>
            <!-- ** Required ** Do not change id or type-->
			<!--<control type="button" id="108">
				<description>Credits Button</description>
				<posx>0</posx>
				<posy>453</posy>
				<width>160</width>
				<height>33</height>
				<texturefocus>amt-button-focus.png</texturefocus>
				<texturenofocus>amt-button-nofocus.png</texturenofocus>
				<font>font13</font>
				<textcolor>FFFFFFFF</textcolor>
				<disabledcolor>60ffffff</disabledcolor>
				<textoffsetx>17</textoffsetx>
				<aligny>center</aligny>
				<onleft>2070</onleft>
				<onright>50</onright>
				<onup>107</onup>
				<ondown>109</ondown>
				<onclick>-</onclick>
                <visible>false</visible>
			</control>
            <!-- ** Required ** Do not change id or type-->
			<control type="button" id="109">
				<description>more Button</description>
				<posx>0</posx>
				<posy>490</posy>
				<width>160</width>
				<height>33</height>
				<texturefocus>amt-button-focus.png</texturefocus>
				<texturenofocus>amt-button-nofocus.png</texturenofocus>
				<font>font13</font>
				<textcolor>FFFFFFFF</textcolor>
				<disabledcolor>60ffffff</disabledcolor>
				<textoffsetx>17</textoffsetx>
				<aligny>center</aligny>
				<onleft>2070</onleft>
				<onright>50</onright>
				<onup>107</onup>
				<ondown>2</ondown>
                <visible>!Control.IsVisible(2001)</visible>
				<animation effect="slide" time="500" start="-300,0" end="0,0" acceleration="-1.1">Visible</animation>
				<animation effect="slide" time="500" start="0,0" end="-300,0" acceleration="1.1">Hidden</animation> 
			</control>
		</control>
	        <!-- Trailer list controls -->
        <!-- ** Required ** Do not change id or type-->
		<control type="group" id="3000">
			<animation effect="slide" time="300" start="600,0" end="0,0" acceleration="-1">WindowOpen</animation>
			<animation effect="slide" time="200" start="0,0" end="600,0" acceleration="1.1">WindowClose</animation>
            <!--onleft>9000</onleft>
            <onright>4000</onright-->
            <!-- ** Required ** Do not change id or type-->
			<visible>Control.IsVisible(2001)</visible>
			<control type="list" id="50">
				<posx>60</posx>
				<posy>510</posy>
				<width>350</width>
				<height>60</height>
				<onleft>9000</onleft>
				<onright>9000</onright>
				<onup>50</onup>
				<ondown>50</ondown>
				<viewtype label="544">Media Info</viewtype>
				<pagecontrol>2050</pagecontrol>
				<scrolltime>200</scrolltime>
				<itemlayout height="29">
					<control type="image">
						<width>300</width>
						<height>29</height>
						<posx>0</posx>
						<posy>0</posy>
						<texture>amt-list-nofocus.png</texture>
					</control>
					<control type="image">
						<posx>5</posx>
						<posy>3</posy>
						<width>22</width>
						<height>22</height>
                        <info>ListItem.Icon</info>
					</control>
					<control type="label">
						<posx>30</posx>
						<posy>3</posy>
						<width>260</width>
						<height>22</height>
						<font>font13</font>
						<aligny>center</aligny>
                        <selectedcolor>FFe2ff43</selectedcolor>
                        <textcolor>60FFFFFF</textcolor>
						<align>left</align>
						<info>ListItem.Label</info>
					</control>
					<control type="label">
						<posx>295</posx>
						<posy>3</posy>
						<width>200</width>
						<height>22</height>
						<font>font13</font>
						<aligny>center</aligny>
                        <selectedcolor>FFe2ff43</selectedcolor>
						<textcolor>60FFFFFF</textcolor>
						<align>right</align>
						<label>$INFO[ListItem.Label2,$LBRACKET,$RBRACKET]</label>
					</control>
				</itemlayout>
				<focusedlayout height="29">
					<control type="image">
						<width>300</width>
						<height>29</height>
						<posx>0</posx>
						<posy>0</posy>
						<visible>!Control.HasFocus(50)</visible>
						<texture>amt-list-nofocus.png</texture>
					</control>
					<control type="image">
						<width>300</width>
						<height>29</height>
						<posx>0</posx>
						<posy>0</posy>
						<visible>Control.HasFocus(50)</visible>
						<texture>amt-list-focus2.png</texture>
					</control>
					<control type="image">
						<posx>5</posx>
						<posy>3</posy>
						<width>22</width>
						<height>22</height>
						<info>ListItem.Icon</info>
					</control>
					<control type="label">
						<posx>30</posx>
						<posy>3</posy>
						<width>260</width>
						<height>22</height>
						<font>font13</font>
						<aligny>center</aligny>
                        <selectedcolor>FFe2ff43</selectedcolor>
                        <textcolor>FFFFFFFF</textcolor>
						<align>left</align>
						<info>ListItem.Label</info>
					</control>
					<control type="label">
						<posx>295</posx>
						<posy>3</posy>
						<width>170</width>
						<height>22</height>
						<font>font13</font>
						<aligny>center</aligny>
                        <selectedcolor>FFe2ff43</selectedcolor>
						<textcolor>60ffffff</textcolor>
						<align>right</align>
						<label>$INFO[ListItem.Label2,$LBRACKET,$RBRACKET]</label>
					</control>
				</focusedlayout>
			</control>
            <control type="group">
                <visible>Control.IsVisible(50)</visible>
                <control type="image">
                    <description>large Icon</description>
                    <posx>5</posx>
                    <posy>452</posy>
                    <width>80</width>
                    <height>120</height>
                    <info>ListItem.ActualIcon</info>
                    <texture>-</texture>
                    <aspectratio aligny="bottom">keep</aspectratio>
                </control>
            </control>			
            <!-- ** Required ** Do not change id or type-->
            <control type="label" id="206">
				<description>Place Title</description>
				<posx>15</posx>
				<posy>5</posy>
				<width>300</width>
				<height>32</height>
				<align>left</align>
				<aligny>center</aligny>
				<info>ListItem.Title</info>
				<font>special13</font>
				<textcolor>FFFFFFFF</textcolor>
                <scroll>true</scroll>
                <disabledcolor>FFe2ff43</disabledcolor>
				<visible>Control.IsVisible(50)</visible>
			</control>
			<control type="label" id="207">
				<description>Place Address</description>
				<posx>15</posx>
				<posy>15</posy>
				<width>300</width>
				<height>60</height>
				<align>left</align>
				<aligny>center</aligny>
				<info>ListItem.Genre</info>
				<font>special10</font>
				<textcolor>FFFFFFFF</textcolor>
                <scroll>true</scroll>
                <disabledcolor>FFe2ff43</disabledcolor>
				<visible>Control.IsVisible(50)</visible>
			</control>
		</control>
		<control type="group" id="3001">
			<posx>200</posx>
			<posy>15</posy>
			<visible>Control.IsVisible(2003)</visible>
			<animation effect="slide" time="500" start="0,-115" end="0,0" acceleration="-1.1">Visible</animation>
			<animation effect="slide" time="500" start="0,0" end="0,-115" acceleration="1.1">Hidden</animation>  
			<animation effect="slide" time="500" start="0,-115" end="0,0" acceleration="-1.1">WindowOpen</animation>
			<animation effect="slide" time="500" start="0,0" end="0,-115" acceleration="1.1">WindowClose</animation>           
			<control type="image">
				<description>background top image</description>
				<posx>-5</posx>
				<posy>-25</posy>
				<width>550</width>
				<height>26</height>
				<texture>ContextMenu_Top.png</texture>
			</control>
			<control type="image">
				<description>background image</description>
				<posx>-5</posx>
				<posy>0</posy>
				<width>550</width>
				<height>90</height>
				<texture>ContextMenu_Middle.png</texture>
			</control>
			<control type="image">
				<description>background bottom image</description>
				<posx>-5</posx>
				<posy>90</posy>
				<width>550</width>
				<height>25</height>
				<texture>ContextMenu_Bottom.png</texture>
			</control>
			<control type="image"  id="950">
				<width>30</width>
				<height>40</height>
				<posx>30</posx>
				<posy>0</posy>
			</control>
			<control type="image"  id="960">
				<width>30</width>
				<height>40</height>
				<posx>130</posx>
				<posy>0</posy>
			</control>
			<control type="image"  id="970">
				<width>30</width>
				<height>40</height>
				<posx>230</posx>
				<posy>0</posy>
			</control>
			<control type="image"  id="980">
				<width>30</width>
				<height>40</height>
				<posx>330</posx>
				<posy>0</posy>
			</control>
			<control type="image"  id="990">
				<width>30</width>
				<height>40</height>
				<posx>430</posx>
				<posy>0</posy>
			</control>
			<control type="label" id="951">
				<description>actual</description>
				<posx>63</posx>
				<posy>0</posy>
				<width>50</width>
				<height>15</height>
				<align>center</align>
				<font>special13</font>
				<textcolor>FFFFFFFF</textcolor>
                <scroll>true</scroll>
			</control>
			<control type="label" id="952">
				<description>act. Temp</description>
				<posx>63</posx>
				<posy>20</posy>
				<width>50</width>
				<height>10</height>
				<height>10</height>
				<align>left</align>
				<font>special13</font>
				<textcolor>FFFFFFFF</textcolor>
                <scroll>true</scroll>
			</control>
			<control type="label" id="953">
				<description>condition</description>
				<posx>30</posx>
				<posy>45</posy>
				<width>90</width>
				<height>10</height>
				<height>10</height>
				<align>left</align>
				<font>font10</font>
				<textcolor>FFFFFFFF</textcolor>
                <scroll>true</scroll>
			</control>
			<control type="label" id="954">
				<description>humidity</description>
				<posx>30</posx>
				<posy>60</posy>
				<width>90</width>
				<height>10</height>
				<height>10</height>
				<align>left</align>
				<font>font10</font>
				<textcolor>FFFFFFFF</textcolor>
                <scroll>true</scroll>
			</control>
			<control type="label" id="955">
				<description>wind</description>
				<posx>30</posx>
				<posy>75</posy>
				<width>90</width>
				<height>10</height>
				<height>10</height>
				<align>left</align>
				<font>font10</font>
				<textcolor>FFFFFFFF</textcolor>
                <scroll>true</scroll>
			</control>
			
			<control type="label" id="961">
				<description>Day</description>
				<posx>163</posx>
				<posy>0</posy>
				<width>50</width>
				<height>15</height>
				<align>center</align>
				<font>special13</font>
				<textcolor>FFFFFFFF</textcolor>
                <scroll>true</scroll>
			</control>
			<control type="label" id="963">
				<description>forecast</description>
				<posx>130</posx>
				<posy>45</posy>
				<width>90</width>
				<height>10</height>
				<height>10</height>
				<align>left</align>
				<font>font10</font>
				<textcolor>FFFFFFFF</textcolor>
                <scroll>true</scroll>
			</control>
			<control type="label" id="964">
				<description>max</description>
				<posx>130</posx>
				<posy>60</posy>
				<width>90</width>
				<height>10</height>
				<height>10</height>
				<align>left</align>
				<font>font10</font>
				<textcolor>FFFFFFFF</textcolor>
                <scroll>true</scroll>
			</control>
			<control type="label" id="965">
				<description>min</description>
				<posx>130</posx>
				<posy>75</posy>
				<width>90</width>
				<height>10</height>
				<height>10</height>
				<align>left</align>
				<font>font10</font>
				<textcolor>FFFFFFFF</textcolor>
                <scroll>true</scroll>
			</control>
			
			<control type="label" id="971">
				<description>Day</description>
				<posx>263</posx>
				<posy>0</posy>
				<width>50</width>
				<height>15</height>
				<align>center</align>
				<font>special13</font>
				<textcolor>FFFFFFFF</textcolor>
                <scroll>true</scroll>
			</control>
			<control type="label" id="973">
				<description>forecast</description>
				<posx>230</posx>
				<posy>45</posy>
				<width>90</width>
				<height>10</height>
				<height>10</height>
				<align>left</align>
				<font>font10</font>
				<textcolor>FFFFFFFF</textcolor>
                <scroll>true</scroll>
			</control>
			<control type="label" id="974">
				<description>max</description>
				<posx>230</posx>
				<posy>60</posy>
				<width>90</width>
				<height>10</height>
				<height>10</height>
				<align>left</align>
				<font>font10</font>
				<textcolor>FFFFFFFF</textcolor>
                <scroll>true</scroll>
			</control>
			<control type="label" id="975">
				<description>min</description>
				<posx>230</posx>
				<posy>75</posy>
				<width>90</width>
				<height>10</height>
				<height>10</height>
				<align>left</align>
				<font>font10</font>
				<textcolor>FFFFFFFF</textcolor>
                <scroll>true</scroll>
			</control>
			
			<control type="label" id="981">
				<description>Day</description>
				<posx>363</posx>
				<posy>0</posy>
				<width>50</width>
				<height>15</height>
				<align>center</align>
				<font>special13</font>
				<textcolor>FFFFFFFF</textcolor>
                <scroll>true</scroll>
			</control>
			<control type="label" id="983">
				<description>forecast</description>
				<posx>330</posx>
				<posy>45</posy>
				<width>90</width>
				<height>10</height>
				<height>10</height>
				<align>left</align>
				<font>font10</font>
				<textcolor>FFFFFFFF</textcolor>
                <scroll>true</scroll>
			</control>
			<control type="label" id="984">
				<description>max</description>
				<posx>330</posx>
				<posy>60</posy>
				<width>90</width>
				<height>10</height>
				<height>10</height>
				<align>left</align>
				<font>font10</font>
				<textcolor>FFFFFFFF</textcolor>
                <scroll>true</scroll>
			</control>
			<control type="label" id="985">
				<description>min</description>
				<posx>330</posx>
				<posy>75</posy>
				<width>90</width>
				<height>10</height>
				<height>10</height>
				<align>left</align>
				<font>font10</font>
				<textcolor>FFFFFFFF</textcolor>
                <scroll>true</scroll>
			</control>
			
			<control type="label" id="991">
				<description>Day</description>
				<posx>463</posx>
				<posy>0</posy>
				<width>50</width>
				<height>15</height>
				<align>center</align>
				<font>special13</font>
				<textcolor>FFFFFFFF</textcolor>
                <scroll>true</scroll>
			</control>
			<control type="label" id="993">
				<description>forecast</description>
				<posx>430</posx>
				<posy>45</posy>
				<width>90</width>
				<height>10</height>
				<height>10</height>
				<align>left</align>
				<font>font10</font>
				<textcolor>FFFFFFFF</textcolor>
                <scroll>true</scroll>
			</control>
			<control type="label" id="994">
				<description>max</description>
				<posx>430</posx>
				<posy>60</posy>
				<width>90</width>
				<height>10</height>
				<height>10</height>
				<align>left</align>
				<font>font10</font>
				<textcolor>FFFFFFFF</textcolor>
                <scroll>true</scroll>
			</control>
			<control type="label" id="995">
				<description>min</description>
				<posx>430</posx>
				<posy>75</posy>
				<width>90</width>
				<height>10</height>
				<height>10</height>
				<align>left</align>
				<font>font10</font>
				<textcolor>FFFFFFFF</textcolor>
                <scroll>true</scroll>
			</control>
		</control>
			<control type="group" id="3002">
			<posx>-13</posx>
			<posy>15</posy>
			<visible>!VideoPlayer.IsFullscreen + Player.Playing + Player.HasVideo + Control.IsVisible(2004)</visible>
			<animation effect="slide" time="500" start="0,-115" end="0,0" acceleration="-1.1">Visible</animation>
			<animation effect="slide" time="500" start="0,0" end="0,-115" acceleration="1.1">Hidden</animation>  
			<animation effect="slide" time="500" start="0,-115" end="0,0" acceleration="-1.1">WindowOpen</animation>
			<animation effect="slide" time="500" start="0,0" end="0,-115" acceleration="1.1">WindowClose</animation>           
			<control type="image">
				<description>background top image</description>
				<posx>-5</posx>
				<posy>-25</posy>
				<width>440</width>
				<height>26</height>
				<texture>ContextMenu_Top.png</texture>
			</control>
			<control type="image">
				<description>background image</description>
				<posx>-5</posx>
				<posy>0</posy>
				<width>440</width>
				<height>380</height>
				<texture>ContextMenu_Middle.png</texture>
			</control>
			<control type="image">
				<description>background bottom image</description>
				<posx>-5</posx>
				<posy>380</posy>
				<width>440</width>
				<height>25</height>
				<texture>ContextMenu_Bottom.png</texture>
			</control>
			<control type="videowindow">
				<description>video preview window</description>
				<posx>0</posx>
				<posy>0</posy>
				<width>425</width>
				<height>350</height>
			</control>
						<!-- progressbar dialog -->
			<control type="label">
				<description>Elapsed Time Label</description>
				<posx>25</posx>
				<posy>345</posy>
				<width>110</width>
				<height>20</height>
				<font>font10</font>
				<textcolor>white</textcolor>
				<align>left</align>
				<aligny>center</aligny>
				<info>Player.Time</info>
				<visible>!Player.Seeking</visible>
			</control>
			<control type="label">
				<description>Seek Time Label</description>
				<posx>25</posx>
				<posy>345</posy>
				<width>110</width>
				<height>20</height>
				<font>font10</font>
				<textcolor>white</textcolor>
				<align>left</align>
				<aligny>center</aligny>
				<info>Player.SeekTime</info>
				<visible>Player.Seeking</visible>
			</control>
			<control type="label">
				<description>Duration Label</description>
				<posx>400</posx>
				<posy>345</posy>
				<width>130</width>
				<height>20</height>
				<label>$INFO[Player.Duration]</label>
				<font>font10</font>
				<textcolor>white</textcolor>
				<align>right</align>
				<aligny>center</aligny>
			</control>
			<control type="progress" >
				<description>Progressbar</description>
				<posx>48</posx>
				<posy>352</posy>
				<width>329</width>
				<height>5</height>
				<info>Player.Progress</info>
				<visible>true</visible>
			</control>
		</control>
	</controls>
</window>