<?xml version="1.0" encoding="UTF-8" standalone="yes"?>
<addon id="script.XBMCCLC"
       name="XBMC Command-Line Client"
       version="0.1"
       provider-name="unknown">
  <requires>
    <import addon="xbmc.python" version="1.0"/>
  </requires>
  <extension point="xbmc.python.script"
             library="default.py" />
  <extension point="xbmc.addon.metadata">
    <summary>XBMC Command-Line Client</summary>
    <platform>xbox</platform>
	<genre>tech</genre>
  </extension>
</addon>
