<?xml version="1.0" encoding="UTF-8" standalone="yes"?>
<addon id="plugin.audio.plexmusic" name="PlexMusic" version="0.0.1" provider-name="skatulskijean">
    <requires>
        <import addon="xbmc.python" version="2.1.0"/>
    </requires>
    <extension point="xbmc.python.pluginsource" library="default.py">
        <provides>audio</provides>
    </extension>
    <extension point="xbmc.addon.metadata">
        <language />
        <platform>all</platform>
        <website></website>
        <source></source>
        <forum></forum>
        <email></email>
        <license>GNU GENERAL PUBLIC LICENSE. Version 2, June 1991</license>
        <summary lang="en">Access your Plexmediaserver (music artsist,albums,tracks)</summary>
        <description lang="en">Access the Music Libary from your Plexmediaserver (Artsits,Albums,Songs with Fanart and Covers) you can search for Artists,Albums and Tracks</description>
    </extension>
</addon>
