<?xml version="1.0" encoding="UTF-8"?>
<addon
  id="plugin.video.Microsoft.PDC"
  version="1.0.0"
  name="Microsoft PDC"
  provider-name="Dan Dar3">
  <requires>
    <import addon="xbmc.python"
            version="1.0"/>
  </requires>
  <extension point="xbmc.python.pluginsource"
             library="addon.py">
    <provides>video</provides>
  </extension>
  <extension point="xbmc.addon.metadata">
    <summary>Watch videos from MicrosoftPDC.com</summary>
    <platform>all</platform>
	<genre>tech</genre>
  </extension>
</addon>
