<?xml version="1.0" encoding="UTF-8" standalone="yes"?>
<addon id="script.My.Program.Plugins"
       name="My Program Plugins"
       version="1.0"
       provider-name="Frost">
  <requires>
    <import addon="xbmc.python" version="1.0"/>
  </requires>
  <extension point="xbmc.python.script"
             library="default.py" />
  <extension point="xbmc.addon.metadata">
    <summary lang="en">A shortcut to take you from scripts to program plugins.</summary>
    <description lang="en">A shortcut to take you from scripts to program plugins.</description>
    <platform>all</platform>
	<genre>other</genre>
  </extension>
</addon>
