<?xml version="1.0" encoding="UTF-8"?>
<addoninfo>
    <!-- (required) guuid: unique identifier of this addon
    guuids can be generated online at sites such as http://www.famkruithof.net/uuid/uuidgen -->
    <guid>e4480910-aa4f-11e1-afa6-0800200c9a66</guid>

    <!-- (required) type:
    1:  visualization
    2:  skin
    3:  pvrdll
    4:  script
    5:  scraper
    6:  screensaver
    7:  plugin-pvr
    8:  plugin-video
    9:  plugin-music
    10: plugin-program
    11: plugin-pictures
    12: plugin-weather -->
    <type>4</type>

    <!-- (required) Title -->
    <title>Tetris</title>

    <!-- (required) Major.minor.build -->
    <version>1.0.2</version>

    <!-- (required) author name & email.  at least one author name is required -->
    <authors>
        <author name="Asteron" email="asteron.projects.googlepages.com" />
    </authors>
    <summary>Tetris Game for XBMC</summary>
	<description>The populat Tetris game on XBMC. All credits go to Asteron.</description>
  	<tags>
        <tag>Games</tag>
    </tags>

    <!-- minimum revision of xbmc your addon will run on.  Leave blank all for revisions-->
    <minrevision></minrevision>

    <!--patforms compatible with your addon.   xbox, osx, windows, linux, or all -->
    <platforms>
        <platform>all</platform>
    </platforms>

    <!-- (optional) The License the addon is released under.-->
    <license>GPL</license>
</addoninfo>