﻿<?xml version="1.0" encoding="UTF-8" standalone="yes"?>
<!--$Revision: 871 $-->
<addon id="script.game.space.invaders" name="Space Invaders"
       version="1.0.0" date="11.10.2010"
       provider-name="Donno (darkdonno@gmail.com)">
  <requires>
    <import addon="xbmc.python" version="1.0"/>
  </requires>
  <extension point="xbmc.python.script"
             library="default.py"/>
  <extension point="xbmc.addon.metadata">
    <platform>all</platform>
    <summary>Space Invaders Game for XBMC</summary>
    <description>All credits and special thanks to Donno.
About:
  Project Started around April/May 2006.
  An attempt to show the true power in combining XBMC with Python.
  So I decide to choose to make  Space Invaders Remake
  I will not release the script till I think its full ready for public use.
  Check the web page for a few avi (which are WIP showing the progress)

Feature List:
  Themes - Incomplete (Coded but not Made, code needs improving)
  Background Music - Optional 'Overwrite music' with Custom Playlist.pls in Music folder
  Highscore Loading from Internet/Local
  Standard Objects: Red Bonus Saucer, Shields, Invaders
  Collision Dectection between Friendly and Emeny bullet
  Every 1000 score will give you an extra life
  Added Check for Theme Media
  Invader fire at you and the shields
  Settings - Options
  Special Effect Sounds
  Pause
  AutoPause when you go to Full Screen Video/Viz
  GameOver Screens  ('Splash' Full Screen picture)  - Out Of Lifes and Invaders have landed
</description>
    <disclaimer>Remember, High-scores on-line not working....</disclaimer>
	<genre>gaming</genre>
  </extension>
</addon>
