<?xml version="1.0" encoding="UTF-8" standalone="yes"?>
<addon id="plugin.image.Phonebin"
       name="Phonebin"
       version="1.0"
       provider-name="BigBellyBilly">
  <requires>
    <import addon="xbmc.python" version="1.0"/>
  </requires>

  <extension point="xbmc.python.pluginsource"
            library="default.py">
        <provides>image</provides>
  </extension>
  <extension point="xbmc.addon.metadata">
    <summary lang="en">Plugin for viewing Phonebin.com content.</summary>
    <description>Plugin for viewing Phonebin.com content.</description>
	<platform>all</platform>
	<genre>adult</genre>
  </extension>
</addon>
