<?xml version="1.0" encoding="UTF-8" standalone="yes"?>
<addon id="plugin.video.mikewallace"
       name="The Mike Wallace Interview"
       version="0.0.1"
       provider-name="unknown">
  <requires>
    <import addon="xbmc.python" version="1.0"/>
  </requires>
  <extension point="xbmc.python.pluginsource"
            library="default.py">
        <provides>video</provides>
  </extension>
  <extension point="xbmc.addon.metadata">
    <summary>Watch the Mike Wallace Interviews</summary>
    <platform>all</platform>
	<license>WTFPL</license>
	<genre>tv</genre>
  </extension>
</addon>
