<?xml version="1.0" encoding="UTF-8" standalone="yes"?>
<addon id="plugin.video.NewsLook"
       name="NewsLook"
       version="1.0.0"
       provider-name="queeup">
  <requires>
    <import addon="xbmc.python" version="1.0"/>
	<import addon="script.module.beautifulsoup" version="3.0.8"/>
	<import addon="script.module.simplejson"/>
  </requires>
  <extension point="xbmc.python.pluginsource"
            library="default.py">
        <provides>video</provides>
  </extension>
  <extension point="xbmc.addon.metadata">
    <summary>Watch news clips from NewsLook</summary>
    <description>NewsLook - bringing you the best video news.</description>
    <platform>all</platform>
	<license>WTFPL</license>
	<genre>news</genre>
  </extension>
</addon>
