<?xml version="1.0" encoding="UTF-8" standalone="yes"?>
<addon id="plugin.video.sciencenetwork"
       name="The Science Network"
       version="1.0"
       provider-name="sloppymcnubble">
  <requires>
    <import addon="xbmc.python" version="1.0"/>
  </requires>
  <extension point="xbmc.python.pluginsource" library="default.py">
        <provides>video</provides>
  </extension>
  <extension point="xbmc.addon.metadata">
    <platform>all</platform>
    <summary>Videos from The Science Network</summary>
    <description lang="en">Videos from The Science Network</description>
	<genre>howto</genre>
  </extension>
</addon>
