<?xml version="1.0" encoding="UTF-8"?>
<addoninfo>
    <!-- (required) guuid: unique identifier of this addon
    guuids can be generated online at sites such as http://www.famkruithof.net/uuid/uuidgen -->
    <guid>37f85bf0-8d7c-11e1-b0c4-0800200c9a66</guid>

    <!-- (required) type:
    1:  visualization
    2:  skin
    3:  pvrdll
    4:  script
    5:  scraper
    6:  screensaver
    7:  plugin-pvr
    8:  plugin-video
    9:  plugin-music
    10: plugin-program
    11: plugin-pictures
    12: plugin-weather -->
    <type>9</type>

    <!-- (required) Title -->
    <title>Google Listen</title>

    <!-- (required) Major.minor.build -->
    <version>1.0.5</version>

    <!-- (required) author name & email.  at least one author name is required -->
    <authors>
        <author name="queeup" email="bootsy82@gmail.com" />
    </authors>

    <summary>Google Listen audio add-on</summary>
    <description>Listen is a research Android app providing a personalized audio news-magazine loaded with fresh and interesting content whenever it is turned on. Start with directed search and streaming and then sit back or multi-task and Listen to content matching your favorite programs and queries like "ABC Nightline," "Bernanke," and "Fantasy Baseball." Currently we are indexing audio files from thousands of English-only RSS feeds but we plan to index all web audio, talking head videos, and short personalized text-to-speech segments in the future.</description>
   <!-- user defined tags e.g. <tags><tag>Example</tag></tags> -->
    <tags>
        <tag>Music</tag>
    </tags>

    <!-- minimum revision of xbmc your addon will run on.  Leave blank all for revisions-->
    <minrevision></minrevision>

    <!--patforms compatible with your addon.   xbox, osx, windows, linux, or all -->
    <platforms>
        <platform>xbox</platform>
    </platforms>

    <!-- (optional) The License the addon is released under.-->
    <license>WTFPL</license>
</addoninfo>
