<?xml version="1.0" encoding="utf-8" standalone="yes"?>
<addon id="script.game.2048" name="2048" version="0.0.2" provider-name="Tristan Fischer (sphere@dersphere.de)">
    <requires>
        <import addon="xbmc.python" version="2.1.0"/>
    </requires>
    <extension point="xbmc.python.script" library="game.py"/>
    <extension point="xbmc.addon.metadata">
        <language/>
        <platform>all</platform>
        <website></website>
        <source></source>
        <forum></forum>
        <email>sphere@dersphere.de</email>
        <license>GNU GENERAL PUBLIC LICENSE. Version 2, June 1991</license>
        <summary lang="en">Game 2048</summary>
        <description lang="en">2048</description>
    </extension>
</addon>
