<?xml version="1.0" encoding="UTF-8" standalone="yes"?>
<addon id="repository.homeless.addons" name="Homeless Add-ons Repository" version="1.0.0" provider-name="totalxbmc">
	<extension point="xbmc.addon.repository" name="bluecop Add-on Repository">
		<info compressed="false">https://raw.githubusercontent.com/totalxbmc/homeless/master/addons.xml</info>
		<checksum>https://raw.githubusercontent.com/totalxbmc/homeless/master/addons.xml.md5</checksum>
		<datadir zip="true">https://raw.githubusercontent.com/totalxbmc/homeless/master/</datadir>
	</extension>
	<extension point="xbmc.addon.metadata">
		<summary>Install Add-on that home no home repository</summary>
		<description>Vagrant Addons</description>
		<disclaimer></disclaimer>
		<platform>all</platform>
	</extension>
</addon>
