<?xml version="1.0" encoding="UTF-8" standalone="yes"?>
<addon id="plugin.rtmpGUInoEPG"
       name="rtmpGUInoEPG"
       version="1.1.0"
       provider-name="BlueCop, HansMayer, Skatulskijean">
  <requires>
  <import addon="xbmc.python" version="2.0"/>
	<import addon="script.module.beautifulsoup" version="3.0.8"/>
  <import addon="script.module.simplejson" />
  </requires>
  <extension point="xbmc.python.pluginsource"
            library="default.py">
        <provides>video</provides>
  </extension>
  <extension point="xbmc.addon.metadata">
    <summary>rtmpGUI+</summary>
    <description>LIVE TV!</description>
    <platform>all</platform>
  </extension>
</addon>
