<?xml version="1.0" encoding="UTF-8" standalone="yes"?>
<addon id="script.bbcfootballscores"
       name="BBC Football Scores"
       version="0.1"
       provider-name="el_Paraguayo">
  <requires>
    <import addon="xbmc.python" version="1.0"/>
    <import addon="script.module.simplejson" version="2.0.10"/>
  </requires>
  <extension point="xbmc.python.script"
             library="default.py" />
 <provides>executable</provides>
  <extension point="xbmc.addon.metadata">
    <platform>all</platform>
    <summary lang="en">BBC Football Scores</summary>
    <description lang="en">Basic scraper to display live scores and goalflashes.</description>
	<genre>sports</genre>
  </extension>
</addon>
