<window>
	<defaultcontrol>11</defaultcontrol>
	<include>dialogeffect</include>
	<coordinates>
		<system>1</system>
		<posx>90</posx>
		<posy>55</posy>
	</coordinates>
	<controls>
		<control type="image">
			<posx>0</posx>
			<posy>0</posy>
			<width>1150</width>
			<height>650</height>
			<texture border="40">DialogBack.png</texture>
		</control>
		<control type="image">
			<posx>0</posx>
			<posy>0</posy>
			<width>1150</width>
			<height>650</height>
			<texture border="40">DialogFront.png</texture>
		</control>

		<control type="label" id="4">
			<description>Item Title value</description>
			<posx>20</posx>
			<posy>45</posy>
			<width>1100</width>
			<height>30</height>
			<align>center</align>
			<aligny>center</aligny>
			<textcolor>dialogheader</textcolor>
			<label></label>
			<font>font18</font>
		</control>
		<control type="image">
			<posx>40</posx>
			<posy>84</posy>
			<width>1070</width>
			<height>2</height>
			<texture>separator.png</texture>
		</control>

		<control type="label" id="5">
			<description>Score</description>
			<posx>1020</posx>
			<posy>45</posy>
			<width>100</width>
			<height>30</height>
			<align>center</align>
			<aligny>center</aligny>
			<label>SCORE</label>
			<font>font18</font>
		</control>

		<control type="label" id="6">
			<description>Date</description>
			<posx>40</posx>
			<posy>45</posy>
			<width>200</width>
			<height>30</height>
			<align>left</align>
			<aligny>center</aligny>
			<textcolor>grey2</textcolor>
			<label></label>
			<font>font12</font>
		</control>

		<control type="label" id="7">
			<description>Info</description>
			<posx>250</posx>
			<posy>95</posy>
			<width>860</width>
			<height>30</height>
			<align>left</align>
			<aligny>center</aligny>
			<label></label>
			<font>font10</font>
			<textcolor>grey2</textcolor>
			<scroll>true</scroll>
		</control>

		<control type="label" id="8">
			<description>Info2</description>
			<posx>250</posx>
			<posy>120</posy>
			<width>860</width>
			<height>30</height>
			<align>left</align>
			<aligny>center</aligny>
			<label></label>
			<font>font10</font>
			<textcolor>grey2</textcolor>
			<scroll>true</scroll>
		</control>

		<control type="label" id="9">
			<description>Info3</description>
			<posx>250</posx>
			<posy>145</posy>
			<width>860</width>
			<height>30</height>
			<align>left</align>
			<aligny>center</aligny>
			<label></label>
			<font>font10</font>
			<textcolor>grey2</textcolor>
			<scroll>true</scroll>
		</control>

		<control type="textbox" id="10">
			<description>textarea</description>
			<posx>250</posx>
			<posy>175</posy>
			<width>840</width>
			<height>130</height>
			<label>-</label>
			<font>font10</font>
			<align>left</align>
			<textcolor>white</textcolor>
			<shadowcolor>black</shadowcolor>
			<pagecontrol>61</pagecontrol>
		</control>
		<control type="scrollbar" id="61">
			<posx>1090</posx>
			<posy>175</posy>
			<width>20</width>
			<height>130</height>
			<texturesliderbackground border="2,2,2,2">scrollbar_bar_back2.png</texturesliderbackground>
			<texturesliderbar border="2,16,2,16">scrollbar_bar.png</texturesliderbar>
			<texturesliderbarfocus border="2,16,2,16">scrollbar_bar_focus.png</texturesliderbarfocus>
			<textureslidernib>scrollbar_nib.png</textureslidernib>
			<textureslidernibfocus>scrollbar_nib.png</textureslidernibfocus>
			<onleft>11</onleft>
			<onright>11</onright>
			<ondown>61</ondown>
			<onup>61</onup>
			<showonepage>false</showonepage>
			<orientation>vertical</orientation>
			<visible>Control.IsVisible(10)</visible>
		</control>

		<control type="group">
			<posx>35</posx>
			<posy>310</posy>
			<width>1020</width>
			<height>300</height>
			<control type="list" id="11">
				<posx>0</posx>
				<posy>0</posy>
				<width>1050</width>
				<height>300</height>
				<onleft>61</onleft>
				<onright>62</onright>
				<onup>10</onup>
				<ondown>10</ondown>
				<viewtype label="list">list</viewtype>
				<pagecontrol>62</pagecontrol>
				<itemlayout height="30">
					<control type="image">
						<posx>0</posx>
						<posy>0</posy>
						<width>1050</width>
						<height>30</height>
						<texture border="3">button-nofocus.png</texture>
					</control>
					<control type="label">
						<posx>3</posx>
						<posy>0</posy>
						<width>970</width>
						<height>30</height>
						<font>font10</font>
						<aligny>center</aligny>
						<selectedcolor>FFe2ff43</selectedcolor>
						<textcolor>BBFFFFFF</textcolor>
						<align>left</align>
						<info>ListItem.Label</info>
					</control>
					<control type="label">
						<posx>1045</posx>
						<posy>0</posy>
						<width>105</width>
						<height>30</height>
						<font>font10</font>
						<aligny>center</aligny>
						<selectedcolor>FFe2ff43</selectedcolor>
						<textcolor>white</textcolor>
						<align>right</align>
						<info>ListItem.Label2</info>
					</control>
				</itemlayout>
				<focusedlayout height="30">
					<control type="image">
						<posx>0</posx>
						<posy>0</posy>
						<height>30</height>
						<width>1050</width>
						<visible>Control.HasFocus(11)</visible>
						<texture border="3">button-focus.png</texture>
					</control>
					<control type="label">
						<posx>3</posx>
						<posy>0</posy>
						<width>970</width>
						<height>30</height>
						<font>font10</font>
						<aligny>center</aligny>
						<selectedcolor>FFe2ff43</selectedcolor>
						<textcolor>FFFFFF99</textcolor>
						<align>left</align>
						<info>ListItem.Label</info>
					</control>
					<control type="label">
						<posx>1045</posx>
						<posy>0</posy>
						<width>105</width>
						<height>30</height>
						<font>font10</font>
						<aligny>center</aligny>
						<selectedcolor>FFe2ff43</selectedcolor>
						<textcolor>FFFFFF99</textcolor>
						<align>right</align>
						<info>ListItem.Label2</info>
					</control>
				</focusedlayout>
			</control>
			<!-- SCROLL BAR FOR LIST -->
			<control type="group">
				<visible>Control.isVisible(11)</visible>
				<control type="scrollbar" id="62">
					<posx>0r</posx>
					<posy>0</posy>
					<width>20</width>
					<height>300</height>
					<texturesliderbackground border="2,2,2,2">scrollbar_bar_back2.png</texturesliderbackground>
					<texturesliderbar border="2,16,2,16">scrollbar_bar.png</texturesliderbar>
					<texturesliderbarfocus border="2,16,2,16">scrollbar_bar_focus.png</texturesliderbarfocus>
					<textureslidernib>scrollbar_nib.png</textureslidernib>
					<textureslidernibfocus>scrollbar_nib.png</textureslidernibfocus>
					<onleft>11</onleft>
					<onright>61</onright>
					<showonepage>false</showonepage>
					<orientation>vertical</orientation>
				</control>
			</control>
		</control>

		<control type="image">
			<description>item image frame</description>
			<posx>15</posx>
			<posy>70</posy>
			<width>248</width>
			<height>255</height>
			<texture border="10">DialogFront.png</texture>
		</control>
		<control type="image" id="12">
			<description>item image</description>
			<posx>38</posx>
			<posy>72</posy>
			<width>200</width>
			<height>250</height>
			<aspectratio>keep</aspectratio>
			<texture></texture>
		</control>

	</controls>
</window>
