<?xml version="1.0" encoding="UTF-8" standalone="yes"?>
<addon id="plugin.video.vimeosearch"
       name="VimeoSearchXBMC4XBOX"
       version="0.0.1"
       provider-name="Skatulskijean">
  <requires>
    <import addon="xbmc.python" version="1.0"/>
	  </requires>
  <extension point="xbmc.python.pluginsource"
            library="default.py">
        <provides>video</provides>
  </extension>
  <extension point="xbmc.addon.metadata">
    <summary>skatulskijean</summary>
    <description>Search on Vimeo</description>
    <platform>all</platform>
  </extension>
</addon>
