<?xml version="1.0" encoding="UTF-8" standalone="yes"?>
<addon id="plugin.image.Picasa.original"
       name="Picasa"
       version="1.4.0b"
       provider-name="nuka">
  <requires>
    <import addon="xbmc.python" version="1.0"/>
   </requires>

  <extension point="xbmc.python.pluginsource"
            library="default.py">
        <provides>image</provides>
  </extension>
  <extension point="xbmc.addon.metadata">
    <description>View photos from the Picasa website.</description>
	<platform>all</platform>
	<license>GPL</license>
	<genre>photos</genre>
  </extension>
</addon>